concept_id,source_type,source,source_name,field_name,raw_metadata,description
pampers_loyalty_points_change_fact_points_activated_datetime,EVENT,pampers_loyalty_points_change_fact,积分变化时间,points_activated_datetime,"{""desc"": ""积分变化时间"", ""type"": ""Date""}","这是一个来源为EVENT，名为""积分变化时间""的下的属性字段，名为points_activated_datetime。它的含义是""积分变化时间""。可选值为：无"
pampers_loyalty_points_change_fact_one_id,EVENT,pampers_loyalty_points_change_fact,one_id,one_id,"{""desc"": ""one_id"", ""type"": ""String""}","这是一个来源为EVENT，名为""one_id""的下的属性字段，名为one_id。它的含义是""one_id""。可选值为：无"
pampers_loyalty_points_change_fact_s_member_id,EVENT,pampers_loyalty_points_change_fact,会员唯一ID,s_member_id,"{""desc"": ""会员唯一ID"", ""type"": ""String""}","这是一个来源为EVENT，名为""会员唯一ID""的下的属性字段，名为s_member_id。它的含义是""会员唯一ID""。可选值为：无"
pampers_loyalty_points_change_fact_member_id,EVENT,pampers_loyalty_points_change_fact,会员ID,member_id,"{""desc"": ""会员ID"", ""type"": ""String""}","这是一个来源为EVENT，名为""会员ID""的下的属性字段，名为member_id。它的含义是""会员ID""。可选值为：无"
pampers_loyalty_points_change_fact_points_type,EVENT,pampers_loyalty_points_change_fact,积分类型,points_type,"{""desc"": ""积分类型"", ""type"": ""Enum""}","这是一个来源为EVENT，名为""积分类型""的下的属性字段，名为points_type。它的含义是""积分类型""。可选值为：ADD_POINT_BY_CLIENT,ADJUST_POINT_BY_CLIENT,ADJUST_POINT_BY_YOUZAN_V1,BATCH_WOMEN_DAY_2020,BBS_LUCKY_DRAW_1000,BBS_LUCKY_DRAW_200,BBS_LUCKY_DRAW_50,BBS_LUCKY_DRAW_500,COMPLETE_PROFILE,DISTRIBUTION_POINT,DONATION,DRAW_COMPENSTION,EBOOK_REDEMPTION,ECOM_INCREASE,EXTEND_POINT_BY_CEM,FLIP_LOTTERY,FLIP_WIN,FLIP_WIN_5,HEARTBEAT_DRAW,IMPROVE_BABY_BIRTHDAY_ADD_POINT,JD_LUCKY_DRAW_BURN_201911,JD_LUCKY_DRAW_BURN_202101,JD_LUCKY_DRAW_EARN_201910,JD_LUCKY_DRAW_EARN_201911,LIKE_STORE,LUCKY_DRAW,LUCKY_POINT,MANUAL_ADJUSTMENT,MARK_STORE,MEMBER_INTERACTION_CENTER,ORDER_ADD_POINT,ORDER_DOUBLE_BY_LING_GOU,PAID_MEMBER,PAMPERS_FIRST_SCAN,PAMPERS_H5_COUPON,PAMPERS_H5_COUPON_RETURN_POINT,PAMPERS_HISTORY_DATA,PAMPERS_LOTTERY_200,PAMPERS_LOTTERY_50,POINTS_LUCKYDRAW,REDEMPTION,REDEMPTION_CANCEL,REDUCE_POINT_BY_CLIENT,REGISTER,ROTARY_DRAW,SCAN_CODE,SYSTEM_EXPIRED_POINT,TMALL_DAILY_ATTENDANCE,TMALL_LIKE_STORE,WECHAT_DAILY_ATTENDANCE,WECHAT_DAILY_CHECK_IN"
pampers_loyalty_points_redeem_gift_fact_redeem_datetime,EVENT,pampers_loyalty_points_redeem_gift_fact,核销时间,redeem_datetime,"{""desc"": ""核销时间"", ""type"": ""Date""}","这是一个来源为EVENT，名为""核销时间""的下的属性字段，名为redeem_datetime。它的含义是""核销时间""。可选值为：无"
pampers_loyalty_points_redeem_gift_fact_one_id,EVENT,pampers_loyalty_points_redeem_gift_fact,one_id,one_id,"{""desc"": ""one_id"", ""type"": ""String""}","这是一个来源为EVENT，名为""one_id""的下的属性字段，名为one_id。它的含义是""one_id""。可选值为：无"
pampers_loyalty_points_redeem_gift_fact_s_member_id,EVENT,pampers_loyalty_points_redeem_gift_fact,会员唯一ID,s_member_id,"{""desc"": ""会员唯一ID"", ""type"": ""String""}","这是一个来源为EVENT，名为""会员唯一ID""的下的属性字段，名为s_member_id。它的含义是""会员唯一ID""。可选值为：无"
pampers_loyalty_points_redeem_gift_fact_member_id,EVENT,pampers_loyalty_points_redeem_gift_fact,会员ID,member_id,"{""desc"": ""会员ID"", ""type"": ""String""}","这是一个来源为EVENT，名为""会员ID""的下的属性字段，名为member_id。它的含义是""会员ID""。可选值为：无"
pampers_loyalty_points_redeem_gift_fact_points_redeem_id,EVENT,pampers_loyalty_points_redeem_gift_fact,核销主键,points_redeem_id,"{""desc"": ""核销主键"", ""type"": ""String""}","这是一个来源为EVENT，名为""核销主键""的下的属性字段，名为points_redeem_id。它的含义是""核销主键""。可选值为：无"
pampers_loyalty_points_redeem_gift_fact_brand_id,EVENT,pampers_loyalty_points_redeem_gift_fact,品牌名称,brand_id,"{""desc"": ""品牌名称"", ""type"": ""Enum""}","这是一个来源为EVENT，名为""品牌名称""的下的属性字段，名为brand_id。它的含义是""品牌名称""。可选值为：Pampers(Pampers),3"
pampers_loyalty_points_redeem_gift_fact_pickup_actual_store_id,EVENT,pampers_loyalty_points_redeem_gift_fact,实际领取门店编号,pickup_actual_store_id,"{""desc"": ""实际领取门店编号"", ""type"": ""String""}","这是一个来源为EVENT，名为""实际领取门店编号""的下的属性字段，名为pickup_actual_store_id。它的含义是""实际领取门店编号""。可选值为：无"
pampers_loyalty_points_redeem_gift_fact_gift_id,EVENT,pampers_loyalty_points_redeem_gift_fact,兑换礼品ID,gift_id,"{""desc"": ""兑换礼品ID"", ""type"": ""String""}","这是一个来源为EVENT，名为""兑换礼品ID""的下的属性字段，名为gift_id。它的含义是""兑换礼品ID""。可选值为：无"
pampers_loyalty_points_redeem_gift_fact_gift_qty,EVENT,pampers_loyalty_points_redeem_gift_fact,兑换数量,gift_qty,"{""desc"": ""兑换数量"", ""type"": ""Int""}","这是一个来源为EVENT，名为""兑换数量""的下的属性字段，名为gift_qty。它的含义是""兑换数量""。可选值为：无"
pampers_loyalty_points_redeem_gift_fact_channel,EVENT,pampers_loyalty_points_redeem_gift_fact,兑换渠道,channel,"{""desc"": ""兑换渠道"", ""type"": ""Enum""}","这是一个来源为EVENT，名为""兑换渠道""的下的属性字段，名为channel。它的含义是""兑换渠道""。可选值为：DOUYIN,JD,TMALL,WECHAT"
pampers_pty_loyalty_point_pool_dim_to_be_expired_date,EVENT,pampers_pty_loyalty_point_pool_dim,即将到期时间,to_be_expired_date,"{""desc"": ""即将到期时间"", ""type"": ""Date""}","这是一个来源为EVENT，名为""即将到期时间""的下的属性字段，名为to_be_expired_date。它的含义是""即将到期时间""。可选值为：无"
pampers_pty_loyalty_point_pool_dim_to_be_expired_date_string,EVENT,pampers_pty_loyalty_point_pool_dim,即将到期时间_文本,to_be_expired_date_string,"{""desc"": ""即将到期时间_文本"", ""type"": ""String""}","这是一个来源为EVENT，名为""即将到期时间_文本""的下的属性字段，名为to_be_expired_date_string。它的含义是""即将到期时间_文本""。可选值为：无"
pampers_pty_loyalty_point_pool_dim_s_member_id,EVENT,pampers_pty_loyalty_point_pool_dim,会员唯一ID,s_member_id,"{""desc"": ""会员唯一ID"", ""type"": ""String""}","这是一个来源为EVENT，名为""会员唯一ID""的下的属性字段，名为s_member_id。它的含义是""会员唯一ID""。可选值为：无"
pampers_pty_loyalty_point_pool_dim_member_id,EVENT,pampers_pty_loyalty_point_pool_dim,会员ID,member_id,"{""desc"": ""会员ID"", ""type"": ""String""}","这是一个来源为EVENT，名为""会员ID""的下的属性字段，名为member_id。它的含义是""会员ID""。可选值为：无"
pampers_pty_loyalty_point_pool_dim_brand_name,EVENT,pampers_pty_loyalty_point_pool_dim,品牌,brand_name,"{""desc"": ""品牌"", ""type"": ""Enum""}","这是一个来源为EVENT，名为""品牌""的下的属性字段，名为brand_name。它的含义是""品牌""。可选值为：PAMPERS"
pampers_pty_loyalty_point_pool_dim_to_be_expired_points,EVENT,pampers_pty_loyalty_point_pool_dim,即将到期积分,to_be_expired_points,"{""desc"": ""即将到期积分"", ""type"": ""Int""}","这是一个来源为EVENT，名为""即将到期积分""的下的属性字段，名为to_be_expired_points。它的含义是""即将到期积分""。可选值为：无"
pampers_pty_loyalty_point_pool_dim_status,EVENT,pampers_pty_loyalty_point_pool_dim,使用状态,status,"{""desc"": ""使用状态"", ""type"": ""Enum""}","这是一个来源为EVENT，名为""使用状态""的下的属性字段，名为status。它的含义是""使用状态""。可选值为：正常"
pampers_public_account_bind_snapshot_assoc_bind_datetime,EVENT,pampers_public_account_bind_snapshot_assoc,最新绑定时间,bind_datetime,"{""desc"": ""最新绑定时间"", ""type"": ""Date""}","这是一个来源为EVENT，名为""最新绑定时间""的下的属性字段，名为bind_datetime。它的含义是""最新绑定时间""。可选值为：无"
pampers_public_account_bind_snapshot_assoc_one_id,EVENT,pampers_public_account_bind_snapshot_assoc,one_id,one_id,"{""desc"": ""one_id"", ""type"": ""String""}","这是一个来源为EVENT，名为""one_id""的下的属性字段，名为one_id。它的含义是""one_id""。可选值为：无"
pampers_public_account_bind_snapshot_assoc_member_id,EVENT,pampers_public_account_bind_snapshot_assoc,会员ID,member_id,"{""desc"": ""会员ID"", ""type"": ""String""}","这是一个来源为EVENT，名为""会员ID""的下的属性字段，名为member_id。它的含义是""会员ID""。可选值为：无"
pampers_public_account_bind_snapshot_assoc_brand_id,EVENT,pampers_public_account_bind_snapshot_assoc,品牌名称,brand_id,"{""desc"": ""品牌名称"", ""type"": ""Enum""}","这是一个来源为EVENT，名为""品牌名称""的下的属性字段，名为brand_id。它的含义是""品牌名称""。可选值为：Pampers(Pampers)"
pampers_public_account_bind_snapshot_assoc_public_account_id,EVENT,pampers_public_account_bind_snapshot_assoc,平台号账号,public_account_id,"{""desc"": ""平台号账号"", ""type"": ""Enum""}","这是一个来源为EVENT，名为""平台号账号""的下的属性字段，名为public_account_id。它的含义是""平台号账号""。可选值为：1000001933,1709997,8,97876259,e_999999,gh_3baae6bb5ece,v003,wx2d885140235a6a0d,wx7ef8138fc974a08d,wxab4f3727e3fe724d,wxad18f96bf219c1bf,wxe0464377ab4efc7c,wxf247baf1a65ae929"
pampers_public_account_bind_snapshot_assoc_public_account_id_enum,EVENT,pampers_public_account_bind_snapshot_assoc,平台账号名称,public_account_id_enum,"{""desc"": ""平台账号名称"", ""type"": ""Enum""}","这是一个来源为EVENT，名为""平台账号名称""的下的属性字段，名为public_account_id_enum。它的含义是""平台账号名称""。可选值为：1000001933,1709997,8,97876259,unknown,帮宝适Pampers,v003,wx2d885140235a6a0d,wx7ef8138fc974a08d,wxab4f3727e3fe724d,wxad18f96bf219c1bf,wxe0464377ab4efc7c,wxf247baf1a65ae929"
pampers_public_account_bind_snapshot_assoc_user_app_account,EVENT,pampers_public_account_bind_snapshot_assoc,用户对应应用账号,user_app_account,"{""desc"": ""用户对应应用账号"", ""type"": ""String""}","这是一个来源为EVENT，名为""用户对应应用账号""的下的属性字段，名为user_app_account。它的含义是""用户对应应用账号""。可选值为：无"
pampers_public_account_bind_snapshot_assoc_user_org_account,EVENT,pampers_public_account_bind_snapshot_assoc,用户对应开发者账号,user_org_account,"{""desc"": ""用户对应开发者账号"", ""type"": ""String""}","这是一个来源为EVENT，名为""用户对应开发者账号""的下的属性字段，名为user_org_account。它的含义是""用户对应开发者账号""。可选值为：无"
pampers_public_account_bind_snapshot_assoc_bind_status,EVENT,pampers_public_account_bind_snapshot_assoc,绑定状态,bind_status,"{""desc"": ""绑定状态"", ""type"": ""Enum""}","这是一个来源为EVENT，名为""绑定状态""的下的属性字段，名为bind_status。它的含义是""绑定状态""。可选值为：绑定,解绑"
pampers_public_account_bind_snapshot_assoc_bind_source_channel_id,EVENT,pampers_public_account_bind_snapshot_assoc,绑定来源渠道名称,bind_source_channel_id,"{""desc"": ""绑定来源渠道名称"", ""type"": ""Enum""}","这是一个来源为EVENT，名为""绑定来源渠道名称""的下的属性字段，名为bind_source_channel_id。它的含义是""绑定来源渠道名称""。可选值为：WECHAT,WECHAT_MINI_PROGRAM,WEIBO,WECONNECT,DOUYIN,ALIPAY_MINI_PROGRAM,VIP,INSTORE,JD,TMALL,WEBSITE"
pampers_public_account_bind_snapshot_assoc_s_member_id,EVENT,pampers_public_account_bind_snapshot_assoc,会员唯一ID,s_member_id,"{""desc"": ""会员唯一ID"", ""type"": ""String""}","这是一个来源为EVENT，名为""会员唯一ID""的下的属性字段，名为s_member_id。它的含义是""会员唯一ID""。可选值为：无"
pampers_weconnect_bind_fact_bind_datetime,EVENT,pampers_weconnect_bind_fact,最新添加好友时间,bind_datetime,"{""desc"": ""最新添加好友时间"", ""type"": ""Date""}","这是一个来源为EVENT，名为""最新添加好友时间""的下的属性字段，名为bind_datetime。它的含义是""最新添加好友时间""。可选值为：无"
pampers_weconnect_bind_fact_s_member_id,EVENT,pampers_weconnect_bind_fact,会员唯一ID,s_member_id,"{""desc"": ""会员唯一ID"", ""type"": ""String""}","这是一个来源为EVENT，名为""会员唯一ID""的下的属性字段，名为s_member_id。它的含义是""会员唯一ID""。可选值为：无"
pampers_weconnect_bind_fact_one_id,EVENT,pampers_weconnect_bind_fact,one_id,one_id,"{""desc"": ""one_id"", ""type"": ""String""}","这是一个来源为EVENT，名为""one_id""的下的属性字段，名为one_id。它的含义是""one_id""。可选值为：无"
pampers_weconnect_bind_fact_member_id,EVENT,pampers_weconnect_bind_fact,会员ID,member_id,"{""desc"": ""会员ID"", ""type"": ""String""}","这是一个来源为EVENT，名为""会员ID""的下的属性字段，名为member_id。它的含义是""会员ID""。可选值为：无"
pampers_weconnect_bind_fact_member_union_id,EVENT,pampers_weconnect_bind_fact,会员UNIONID,member_union_id,"{""desc"": ""会员UNIONID"", ""type"": ""String""}","这是一个来源为EVENT，名为""会员UNIONID""的下的属性字段，名为member_union_id。它的含义是""会员UNIONID""。可选值为：无"
pampers_weconnect_bind_fact_public_account_id,EVENT,pampers_weconnect_bind_fact,企业号,public_account_id,"{""desc"": ""企业号"", ""type"": ""Enum""}","这是一个来源为EVENT，名为""企业号""的下的属性字段，名为public_account_id。它的含义是""企业号""。可选值为：Pampers"
pampers_weconnect_bind_fact_brand_id,EVENT,pampers_weconnect_bind_fact,品牌名称,brand_id,"{""desc"": ""品牌名称"", ""type"": ""Enum""}","这是一个来源为EVENT，名为""品牌名称""的下的属性字段，名为brand_id。它的含义是""品牌名称""。可选值为：Pampers(Pampers),3"
pampers_weconnect_bind_fact_employee_id,EVENT,pampers_weconnect_bind_fact,导购ID,employee_id,"{""desc"": ""导购ID"", ""type"": ""String""}","这是一个来源为EVENT，名为""导购ID""的下的属性字段，名为employee_id。它的含义是""导购ID""。可选值为：无"
pampers_weconnect_bind_fact_up_employee_id,EVENT,pampers_weconnect_bind_fact,导购ID（大写）,up_employee_id,"{""desc"": ""导购ID（大写）"", ""type"": ""String""}","这是一个来源为EVENT，名为""导购ID（大写）""的下的属性字段，名为up_employee_id。它的含义是""导购ID（大写）""。可选值为：无"
pampers_weconnect_bind_fact_bind_status,EVENT,pampers_weconnect_bind_fact,绑定状态,bind_status,"{""desc"": ""绑定状态"", ""type"": ""Enum""}","这是一个来源为EVENT，名为""绑定状态""的下的属性字段，名为bind_status。它的含义是""绑定状态""。可选值为：解绑,绑定"
pampers_join_mkt_campaign_fact_join_datetime,EVENT,pampers_join_mkt_campaign_fact,加入营销活动时间,join_datetime,"{""desc"": ""加入营销活动时间"", ""type"": ""Date""}","这是一个来源为EVENT，名为""加入营销活动时间""的下的属性字段，名为join_datetime。它的含义是""加入营销活动时间""。可选值为：无"
pampers_join_mkt_campaign_fact_member_id,EVENT,pampers_join_mkt_campaign_fact,会员ID,member_id,"{""desc"": ""会员ID"", ""type"": ""String""}","这是一个来源为EVENT，名为""会员ID""的下的属性字段，名为member_id。它的含义是""会员ID""。可选值为：无"
pampers_join_mkt_campaign_fact_s_member_id,EVENT,pampers_join_mkt_campaign_fact,会员唯一ID,s_member_id,"{""desc"": ""会员唯一ID"", ""type"": ""String""}","这是一个来源为EVENT，名为""会员唯一ID""的下的属性字段，名为s_member_id。它的含义是""会员唯一ID""。可选值为：无"
pampers_join_mkt_campaign_fact_campaign_id,EVENT,pampers_join_mkt_campaign_fact,营销活动编号,campaign_id,"{""desc"": ""营销活动编号"", ""type"": ""String""}","这是一个来源为EVENT，名为""营销活动编号""的下的属性字段，名为campaign_id。它的含义是""营销活动编号""。可选值为：无"
pampers_join_mkt_campaign_fact_campaign_name,EVENT,pampers_join_mkt_campaign_fact,营销活动名称,campaign_name,"{""desc"": ""营销活动名称"", ""type"": ""String""}","这是一个来源为EVENT，名为""营销活动名称""的下的属性字段，名为campaign_name。它的含义是""营销活动名称""。可选值为：无"
pampers_join_mkt_campaign_fact_one_id,EVENT,pampers_join_mkt_campaign_fact,One_id,one_id,"{""desc"": ""One_id"", ""type"": ""String""}","这是一个来源为EVENT，名为""One_id""的下的属性字段，名为one_id。它的含义是""One_id""。可选值为：无"
pampers_join_mkt_campaign_fact_store_id,EVENT,pampers_join_mkt_campaign_fact,加入活动店铺,store_id,"{""desc"": ""加入活动店铺"", ""type"": ""String""}","这是一个来源为EVENT，名为""加入活动店铺""的下的属性字段，名为store_id。它的含义是""加入活动店铺""。可选值为：无"
pampers_join_mkt_campaign_fact_is_only_join_cam,EVENT,pampers_join_mkt_campaign_fact,是否仅参加活动,is_only_join_cam,"{""desc"": ""是否仅参加活动"", ""type"": ""Enum""}","这是一个来源为EVENT，名为""是否仅参加活动""的下的属性字段，名为is_only_join_cam。它的含义是""是否仅参加活动""。可选值为：是"
pampers_join_mkt_campaign_fact_brand_id,EVENT,pampers_join_mkt_campaign_fact,品牌编号,brand_id,"{""desc"": ""品牌编号"", ""type"": ""Enum""}","这是一个来源为EVENT，名为""品牌编号""的下的属性字段，名为brand_id。它的含义是""品牌编号""。可选值为：Pampers"
pampers_join_mkt_campaign_fact_transaction_channel,EVENT,pampers_join_mkt_campaign_fact,购买渠道,transaction_channel,"{""desc"": ""购买渠道"", ""type"": ""Enum""}","这是一个来源为EVENT，名为""购买渠道""的下的属性字段，名为transaction_channel。它的含义是""购买渠道""。可选值为：无"
pampers_join_mkt_campaign_fact_bc_id,EVENT,pampers_join_mkt_campaign_fact,美容顾问编号,bc_id,"{""desc"": ""美容顾问编号"", ""type"": ""String""}","这是一个来源为EVENT，名为""美容顾问编号""的下的属性字段，名为bc_id。它的含义是""美容顾问编号""。可选值为：无"
pampers_trans_fact_member_id,EVENT,pampers_trans_fact,会员ID,member_id,"{""desc"": ""会员ID"", ""type"": ""String""}","这是一个来源为EVENT，名为""会员ID""的下的属性字段，名为member_id。它的含义是""会员ID""。可选值为：无"
pampers_trans_fact_transaction_id,EVENT,pampers_trans_fact,订单号,transaction_id,"{""desc"": ""订单号"", ""type"": ""String""}","这是一个来源为EVENT，名为""订单号""的下的属性字段，名为transaction_id。它的含义是""订单号""。可选值为：无"
pampers_trans_fact_transaction_retail_amount,EVENT,pampers_trans_fact,订单零售价格,transaction_retail_amount,"{""desc"": ""订单零售价格"", ""type"": ""Double""}","这是一个来源为EVENT，名为""订单零售价格""的下的属性字段，名为transaction_retail_amount。它的含义是""订单零售价格""。可选值为：无"
pampers_trans_fact_transaction_payment,EVENT,pampers_trans_fact,订单支付金额,transaction_payment,"{""desc"": ""订单支付金额"", ""type"": ""Double""}","这是一个来源为EVENT，名为""订单支付金额""的下的属性字段，名为transaction_payment。它的含义是""订单支付金额""。可选值为：无"
pampers_trans_fact_is_presale,EVENT,pampers_trans_fact,是否预售订单,is_presale,"{""desc"": ""是否预售订单"", ""type"": ""Enum""}","这是一个来源为EVENT，名为""是否预售订单""的下的属性字段，名为is_presale。它的含义是""是否预售订单""。可选值为：否,是,未知"
pampers_trans_fact_purchase_channel_name,EVENT,pampers_trans_fact,购买渠道,purchase_channel_name,"{""desc"": ""购买渠道"", ""type"": ""Enum""}","这是一个来源为EVENT，名为""购买渠道""的下的属性字段，名为purchase_channel_name。它的含义是""购买渠道""。可选值为：DOUYIN,JD,O2O,TMALL,VIP,YOUZAN"
pampers_trans_fact_store_id,EVENT,pampers_trans_fact,门店编号,store_id,"{""desc"": ""门店编号"", ""type"": ""Enum""}","这是一个来源为EVENT，名为""门店编号""的下的属性字段，名为store_id。它的含义是""门店编号""。可选值为：1000001933,1709997,8,97876259,v003"
pampers_trans_fact_cus_store_id,EVENT,pampers_trans_fact,线下商超柜台门店编号,cus_store_id,"{""desc"": ""线下商超柜台门店编号"", ""type"": ""String""}","这是一个来源为EVENT，名为""线下商超柜台门店编号""的下的属性字段，名为cus_store_id。它的含义是""线下商超柜台门店编号""。可选值为：无"
pampers_trans_fact_store_name,EVENT,pampers_trans_fact,门店名称,store_name,"{""desc"": ""门店名称"", ""type"": ""Enum""}","这是一个来源为EVENT，名为""门店名称""的下的属性字段，名为store_name。它的含义是""门店名称""。可选值为：帮宝适京东自营官方旗舰店_JD,帮宝适唯品会商城_VIP,帮宝适官方旗舰店_TMALL,帮宝适抖音商城_DOUYIN,帮宝适有赞微商城_YOUZAN"
pampers_trans_fact_is_full_refund,EVENT,pampers_trans_fact,订单是否全退,is_full_refund,"{""desc"": ""订单是否全退"", ""type"": ""Enum""}","这是一个来源为EVENT，名为""订单是否全退""的下的属性字段，名为is_full_refund。它的含义是""订单是否全退""。可选值为：否,是"
pampers_trans_fact_transaction_refund_amount,EVENT,pampers_trans_fact,订单退单金额,transaction_refund_amount,"{""desc"": ""订单退单金额"", ""type"": ""Double""}","这是一个来源为EVENT，名为""订单退单金额""的下的属性字段，名为transaction_refund_amount。它的含义是""订单退单金额""。可选值为：无"
pampers_trans_fact_transaction_actual_qty,EVENT,pampers_trans_fact,退单后实际购买数量,transaction_actual_qty,"{""desc"": ""退单后实际购买数量"", ""type"": ""Int""}","这是一个来源为EVENT，名为""退单后实际购买数量""的下的属性字段，名为transaction_actual_qty。它的含义是""退单后实际购买数量""。可选值为：无"
pampers_trans_fact_transaction_actual_payment,EVENT,pampers_trans_fact,退单后实际消费金额,transaction_actual_payment,"{""desc"": ""退单后实际消费金额"", ""type"": ""Double""}","这是一个来源为EVENT，名为""退单后实际消费金额""的下的属性字段，名为transaction_actual_payment。它的含义是""退单后实际消费金额""。可选值为：无"
pampers_trans_fact_transaction_refund_type,EVENT,pampers_trans_fact,退单类型,transaction_refund_type,"{""desc"": ""退单类型"", ""type"": ""Enum""}","这是一个来源为EVENT，名为""退单类型""的下的属性字段，名为transaction_refund_type。它的含义是""退单类型""。可选值为：部分退,全退"
pampers_trans_fact_fiscal_year,EVENT,pampers_trans_fact,财年,fiscal_year,"{""desc"": ""财年"", ""type"": ""Enum""}","这是一个来源为EVENT，名为""财年""的下的属性字段，名为fiscal_year。它的含义是""财年""。可选值为：FY1415,FY1516,FY1617,FY1819,FY1920,FY2021,FY2122,FY2223,FY2324,FY2425,FY2526"
pampers_trans_fact_transaction_datetime,EVENT,pampers_trans_fact,交易时间,transaction_datetime,"{""desc"": ""交易时间"", ""type"": ""Date""}","这是一个来源为EVENT，名为""交易时间""的下的属性字段，名为transaction_datetime。它的含义是""交易时间""。可选值为：无"
pampers_trans_fact_s_member_id,EVENT,pampers_trans_fact,会员唯一ID,s_member_id,"{""desc"": ""会员唯一ID"", ""type"": ""String""}","这是一个来源为EVENT，名为""会员唯一ID""的下的属性字段，名为s_member_id。它的含义是""会员唯一ID""。可选值为：无"
pampers_trans_fact_is_delete,EVENT,pampers_trans_fact,是否删单,is_delete,"{""desc"": ""是否删单"", ""type"": ""Enum""}","这是一个来源为EVENT，名为""是否删单""的下的属性字段，名为is_delete。它的含义是""是否删单""。可选值为：删除,正常"
pampers_trans_detail_fact_member_id,EVENT,pampers_trans_detail_fact,会员ID,member_id,"{""desc"": ""会员ID"", ""type"": ""String""}","这是一个来源为EVENT，名为""会员ID""的下的属性字段，名为member_id。它的含义是""会员ID""。可选值为：无"
pampers_trans_detail_fact_transaction_id,EVENT,pampers_trans_detail_fact,订单号,transaction_id,"{""desc"": ""订单号"", ""type"": ""String""}","这是一个来源为EVENT，名为""订单号""的下的属性字段，名为transaction_id。它的含义是""订单号""。可选值为：无"
pampers_trans_detail_fact_category_cn,EVENT,pampers_trans_detail_fact,所属品类,category_cn,"{""desc"": ""所属品类"", ""type"": ""Enum""}","这是一个来源为EVENT，名为""所属品类""的下的属性字段，名为category_cn。它的含义是""所属品类""。可选值为：个人清洁,剃须护理,口腔护理,妇女卫生,婴儿护理,家居护理,小家电,护肤品类,洗发护发,织物护理"
pampers_trans_detail_fact_rpc_code,EVENT,pampers_trans_detail_fact,RPC CODE,rpc_code,"{""desc"": ""RPC CODE"", ""type"": ""String""}","这是一个来源为EVENT，名为""RPC CODE""的下的属性字段，名为rpc_code。它的含义是""RPC CODE""。可选值为：无"
pampers_trans_detail_fact_product_name,EVENT,pampers_trans_detail_fact,宝洁产品名称,product_name,"{""desc"": ""宝洁产品名称"", ""type"": ""String""}","这是一个来源为EVENT，名为""宝洁产品名称""的下的属性字段，名为product_name。它的含义是""宝洁产品名称""。可选值为：无"
pampers_trans_detail_fact_brand_en,EVENT,pampers_trans_detail_fact,产品品牌,brand_en,"{""desc"": ""产品品牌"", ""type"": ""Enum""}","这是一个来源为EVENT，名为""产品品牌""的下的属性字段，名为brand_en。它的含义是""产品品牌""。可选值为：Ariel,Braun,Crest,Downy,Febreze,Gillette,H&S,HR,OLAY,Oral B,Pampers,PNT,RJ,SFG,Tampax,Tide,Venus,VS,Whisper"
pampers_trans_detail_fact_upc,EVENT,pampers_trans_detail_fact,upc,upc,"{""desc"": ""upc"", ""type"": ""String""}","这是一个来源为EVENT，名为""upc""的下的属性字段，名为upc。它的含义是""upc""。可选值为：无"
pampers_trans_detail_fact_product_qty,EVENT,pampers_trans_detail_fact,购买商品数量,product_qty,"{""desc"": ""购买商品数量"", ""type"": ""Int""}","这是一个来源为EVENT，名为""购买商品数量""的下的属性字段，名为product_qty。它的含义是""购买商品数量""。可选值为：无"
pampers_trans_detail_fact_is_presale,EVENT,pampers_trans_detail_fact,是否预售订单,is_presale,"{""desc"": ""是否预售订单"", ""type"": ""Enum""}","这是一个来源为EVENT，名为""是否预售订单""的下的属性字段，名为is_presale。它的含义是""是否预售订单""。可选值为：否,是,未知"
pampers_trans_detail_fact_purchase_channel_name,EVENT,pampers_trans_detail_fact,购买渠道,purchase_channel_name,"{""desc"": ""购买渠道"", ""type"": ""Enum""}","这是一个来源为EVENT，名为""购买渠道""的下的属性字段，名为purchase_channel_name。它的含义是""购买渠道""。可选值为：DOUYIN,JD,O2O,TMALL,VIP,YOUZAN"
pampers_trans_detail_fact_store_id,EVENT,pampers_trans_detail_fact,门店编号,store_id,"{""desc"": ""门店编号"", ""type"": ""Enum""}","这是一个来源为EVENT，名为""门店编号""的下的属性字段，名为store_id。它的含义是""门店编号""。可选值为：1000001933,1709997,8,97876259,v003"
pampers_trans_detail_fact_cus_store_id,EVENT,pampers_trans_detail_fact,线下商超柜台门店编号,cus_store_id,"{""desc"": ""线下商超柜台门店编号"", ""type"": ""String""}","这是一个来源为EVENT，名为""线下商超柜台门店编号""的下的属性字段，名为cus_store_id。它的含义是""线下商超柜台门店编号""。可选值为：无"
pampers_trans_detail_fact_store_name,EVENT,pampers_trans_detail_fact,门店名称,store_name,"{""desc"": ""门店名称"", ""type"": ""Enum""}","这是一个来源为EVENT，名为""门店名称""的下的属性字段，名为store_name。它的含义是""门店名称""。可选值为：帮宝适京东自营官方旗舰店_JD,帮宝适唯品会商城_VIP,帮宝适官方旗舰店_TMALL,帮宝适抖音商城_DOUYIN,帮宝适有赞微商城_YOUZAN"
pampers_trans_detail_fact_variant_en,EVENT,pampers_trans_detail_fact,产品系列,variant_en,"{""desc"": ""产品系列"", ""type"": ""Enum""}","这是一个来源为EVENT，名为""产品系列""的下的属性字段，名为variant_en。它的含义是""产品系列""。可选值为：2 in 1 Jasmine,2 in 1 Lavender,3D White,3MM Jasmine,3MM Milky,3MM TDC,4 in 1,Adult MOC,Adult OR Refill,Adv Expert,Affordable Mainline,Air Freshener,Alps,Anti-mite Lav,Antimite,B3 Essence,B3 Essence Reload,Base Line,Baymax,BERRY FLOWER,Blossom,Classic,Classic Fragrance,Clean & Hydration,Cleansing and oil control,Color,Color Perm,Cotton Soap,Cross Action-Pro Health,CW,CW-Color,CW-LEM,Detox Acne,Detox Foaming,Detox Kapa,Detox Liquid,Disinfectant,Eden,Eden Mini,Essential Oil Nourishing smooth,Expert,Fabric Fresheners,Flora Freya,Floss,Forest,Fortify Care,Freesia,Fresh Freya,Fusion Base,Fusion Proglide,Fusion Proshield,Ginseng Nourishing Repair,Gold Cotton,Green,Green Cotton,Hair & Body 2 in 1,Health Fresh,Health Moisture,Hyaluronic Acid,Hydrated Nourishment,Hydrating,Hydration,Hygeia,Ichiban,Ichiban Plus,Ichiban Sensitive,Ichiban Soft Kitten,Icy Oil,Intensive Cleansing,Itchy Pamering,Ivory Base,Ivory Cotton,Ivory Sensitive,Kids Anti-Sugar,Kids Handle,Kids QiaoHu,Kids QiaoHu Base,Kids QiaoHu MP,Kids Super Wing,Koa"
pampers_trans_detail_fact_product_form_en,EVENT,pampers_trans_detail_fact,产品类型,product_form_en,"{""desc"": ""产品类型"", ""type"": ""Enum""}","这是一个来源为EVENT，名为""产品类型""的下的属性字段，名为product_form_en。它的含义是""产品类型""。可选值为：Accessory,Air Care,Bar,Beads,Blades,Body Lotion,Cleanser,Conditioner,Cotton Soap,Cream,Dry Wipes,Essence,Eye,FBW,Fem Pants,FHS,Floss,Foam Detergent,Foamy,LBW,LHS,LIQ,Liquid Soap,Mix,Moc,N/A,Pads,Pantiliner,Pants,Paste,POC,Pods,Pre-essence,PWD,Razor,Rinse,Sanitizer,Shampoo,Tampons,Taped,Toner,Treatment,UW Liq,Waterless,Wet Wipes,Wipes,X-Product-Form"
pampers_trans_detail_fact_diaper_size,EVENT,pampers_trans_detail_fact,Pampers产品尺寸,diaper_size,"{""desc"": ""Pampers产品尺寸"", ""type"": ""Enum""}","这是一个来源为EVENT，名为""Pampers产品尺寸""的下的属性字段，名为diaper_size。它的含义是""Pampers产品尺寸""。可选值为：L,L Plus,M,Mix,NB,S,XL,XXL,XXXL,XXXXL"
pampers_trans_detail_fact_product_retail_amount,EVENT,pampers_trans_detail_fact,产品下单金额,product_retail_amount,"{""desc"": ""产品下单金额"", ""type"": ""Double""}","这是一个来源为EVENT，名为""产品下单金额""的下的属性字段，名为product_retail_amount。它的含义是""产品下单金额""。可选值为：无"
pampers_trans_detail_fact_product_real_amount,EVENT,pampers_trans_detail_fact,产品实付金额,product_real_amount,"{""desc"": ""产品实付金额"", ""type"": ""Double""}","这是一个来源为EVENT，名为""产品实付金额""的下的属性字段，名为product_real_amount。它的含义是""产品实付金额""。可选值为：无"
pampers_trans_detail_fact_fiscal_year,EVENT,pampers_trans_detail_fact,财年,fiscal_year,"{""desc"": ""财年"", ""type"": ""Enum""}","这是一个来源为EVENT，名为""财年""的下的属性字段，名为fiscal_year。它的含义是""财年""。可选值为：FY1415,FY1516,FY1617,FY1819,FY1920,FY2021,FY2122,FY2223,FY2324,FY2425,FY2526"
pampers_trans_detail_fact_is_full_refund,EVENT,pampers_trans_detail_fact,产品是否全退,is_full_refund,"{""desc"": ""产品是否全退"", ""type"": ""Enum""}","这是一个来源为EVENT，名为""产品是否全退""的下的属性字段，名为is_full_refund。它的含义是""产品是否全退""。可选值为：否,是"
pampers_trans_detail_fact_key_sku_desc,EVENT,pampers_trans_detail_fact,产品系列喜好,key_sku_desc,"{""desc"": ""产品系列喜好"", ""type"": ""Enum""}","这是一个来源为EVENT，名为""产品系列喜好""的下的属性字段，名为key_sku_desc。它的含义是""产品系列喜好""。可选值为：N/A,Others,Pro-X,Red,Tone"
pampers_trans_detail_fact_demand_plan_level_3_name_en,EVENT,pampers_trans_detail_fact,明星产品类型,demand_plan_level_3_name_en,"{""desc"": ""明星产品类型"", ""type"": ""Enum""}","这是一个来源为EVENT，名为""明星产品类型""的下的属性字段，名为demand_plan_level_3_name_en。它的含义是""明星产品类型""。可选值为：Affordable Mainline Taped,BAR,Baymax Pants,Baymax Taped,BEADS,Botox LWB,Crest 3D White,Crest Brilliance,Crest Expert,Crest Kids Paste,Crest MOC,Crest Rinse,Crest Value,Crest Whitelock,Eden,Eden Mini/Liner,Febreze,Fusion,Gold Cotton,Green,Growth Work,H&S Base Line,H&S CAD,H&S KSM Scalp Care,H&S Nilsil,H&S Perfume,HR Fuji,Ichiban Pants,Ichiban Plus Taped,Ichiban Sensitive Pants,Ichiban Sensitive Taped,Ichiban Soft Kitten Taped,Ichiban Taped,Ivory Base,Ivory Cotton,Ivory Sensitive,Koala base,Labs Aurora,LIQ,Luxury Taped,Mach 3,Mainline Pants,Mainline Taped,Masstige Pants,Masstige Taped,MHR Consumable,N/A,Olay Aladin,Olay Alps,Olay Glamour 1,Olay Glamour 2,Olay I others,Olay II,Olay Macaron,Olay Marseille,Olay Reload,Oral-B Floss,Oral-B Handle,Oral-B MOC,Oral-B Paste,Oral-B Refill,Oral-B Rinse,OVN Base,OVN Pants,OVN Taped,Pants,Pants SP,Peach,Petal soft skin foam detergent,Pink Mini/Liner,Pink Slim,Pink SP,Pink SP Mini/Liner,Pink Teens,Pink Ultra,PNT 3MM,PNT Base Line,Premium Pants,Premium Taped,Prestige OVN Pant"
pampers_trans_detail_fact_refund_qty,EVENT,pampers_trans_detail_fact,退货数量,refund_qty,"{""desc"": ""退货数量"", ""type"": ""Int""}","这是一个来源为EVENT，名为""退货数量""的下的属性字段，名为refund_qty。它的含义是""退货数量""。可选值为：无"
pampers_trans_detail_fact_product_actual_qty,EVENT,pampers_trans_detail_fact,刨除退单后商品数量,product_actual_qty,"{""desc"": ""刨除退单后商品数量"", ""type"": ""Int""}","这是一个来源为EVENT，名为""刨除退单后商品数量""的下的属性字段，名为product_actual_qty。它的含义是""刨除退单后商品数量""。可选值为：无"
pampers_trans_detail_fact_product_refund_amount,EVENT,pampers_trans_detail_fact,退单金额,product_refund_amount,"{""desc"": ""退单金额"", ""type"": ""Double""}","这是一个来源为EVENT，名为""退单金额""的下的属性字段，名为product_refund_amount。它的含义是""退单金额""。可选值为：无"
pampers_trans_detail_fact_product_actual_payment,EVENT,pampers_trans_detail_fact,产品退后实付金额,product_actual_payment,"{""desc"": ""产品退后实付金额"", ""type"": ""Double""}","这是一个来源为EVENT，名为""产品退后实付金额""的下的属性字段，名为product_actual_payment。它的含义是""产品退后实付金额""。可选值为：无"
pampers_trans_detail_fact_variant_en_all,EVENT,pampers_trans_detail_fact,产品系列（全）,variant_en_all,"{""desc"": ""产品系列（全）"", ""type"": ""Enum""}","这是一个来源为EVENT，名为""产品系列（全）""的下的属性字段，名为variant_en_all。它的含义是""产品系列（全）""。可选值为：2 in 1 Jasmine,2 in 1 Lavender,3D White,3MM Jasmine,3MM Milky,3MM TDC,4 in 1,Adult MOC,Adult OR Refill,Adv Expert,Affordable Mainline,Air Freshener,Alps,Anti-mite Lav,Antimite,B3 Essence,B3 Essence Reload,Base Line,Baymax,BERRY FLOWER,Blossom,Classic,Classic Fragrance,Clean & Hydration,Cleansing and oil control,Color,Color Perm,Cotton Soap,Cross Action-Pro Health,CW,CW-Color,CW-LEM,Detox Acne,Detox Foaming,Detox Kapa,Detox Liquid,Disinfectant,Eden,Eden Mini,Essential Oil Nourishing smooth,Expert,Fabric Fresheners,Flora Freya,Floss,Forest,Fortify Care,Freesia,Fresh Freya,Fusion Base,Fusion Proglide,Fusion Proshield,Ginseng Nourishing Repair,Gold Cotton,Green,Green Cotton,Hair & Body 2 in 1,Health Fresh,Health Moisture,Hyaluronic Acid,Hydrated Nourishment,Hydrating,Hydration,Hygeia,Ichiban,Ichiban Plus,Ichiban Sensitive,Ichiban Soft Kitten,Icy Oil,Intensive Cleansing,Itchy Pamering,Ivory Base,Ivory Cotton,Ivory Sensitive,Kids Anti-Sugar,Kids Handle,Kids QiaoHu,Kids QiaoHu Base,Kids QiaoHu MP,Kids Super Wing,Koa"
pampers_trans_detail_fact_demand_plan_level_3_name_en_all,EVENT,pampers_trans_detail_fact,明星产品类型（全）,demand_plan_level_3_name_en_all,"{""desc"": ""明星产品类型（全）"", ""type"": ""Enum""}","这是一个来源为EVENT，名为""明星产品类型（全）""的下的属性字段，名为demand_plan_level_3_name_en_all。它的含义是""明星产品类型（全）""。可选值为：Affordable Mainline Taped,BAR,Baymax Pants,Baymax Taped,BEADS,Botox LWB,Crest 3D White,Crest Brilliance,Crest Expert,Crest Kids Paste,Crest MOC,Crest Rinse,Crest Value,Crest Whitelock,Eden,Eden Mini/Liner,Febreze,Fusion,Gold Cotton,Green,Growth Work,H&S Base Line,H&S CAD,H&S KSM Scalp Care,H&S Nilsil,H&S Perfume,HR Fuji,Ichiban Pants,Ichiban Plus Taped,Ichiban Sensitive Pants,Ichiban Sensitive Taped,Ichiban Soft Kitten Taped,Ichiban Taped,Ivory Base,Ivory Cotton,Ivory Sensitive,Koala base,Labs Aurora,LIQ,Luxury Taped,Mach 3,Mainline Pants,Mainline Taped,Masstige Pants,Masstige Taped,MHR Consumable,N/A,Olay Aladin,Olay Alps,Olay Glamour 1,Olay Glamour 2,Olay I others,Olay II,Olay Macaron,Olay Marseille,Olay Reload,Oral-B Floss,Oral-B Handle,Oral-B MOC,Oral-B Paste,Oral-B Refill,Oral-B Rinse,OVN Base,OVN Pants,OVN Taped,Pants,Pants SP,Peach,Petal soft skin foam detergent,Pink Mini/Liner,Pink Slim,Pink SP,Pink SP Mini/Liner,Pink Teens,Pink Ultra,PNT 3MM,PNT Base Line,Premium Pants,Premium Taped,Prestige OVN Pant"
pampers_trans_detail_fact_key_sku_desc_all,EVENT,pampers_trans_detail_fact,产品系列喜好（全）,key_sku_desc_all,"{""desc"": ""产品系列喜好（全）"", ""type"": ""Enum""}","这是一个来源为EVENT，名为""产品系列喜好（全）""的下的属性字段，名为key_sku_desc_all。它的含义是""产品系列喜好（全）""。可选值为：N/A,Others,Pro-X,Red,Tone"
pampers_trans_detail_fact_product_form_en_all,EVENT,pampers_trans_detail_fact,产品类型（全）,product_form_en_all,"{""desc"": ""产品类型（全）"", ""type"": ""Enum""}","这是一个来源为EVENT，名为""产品类型（全）""的下的属性字段，名为product_form_en_all。它的含义是""产品类型（全）""。可选值为：Accessory,Air Care,Bar,Beads,Blades,Body Lotion,Cleanser,Conditioner,Cotton Soap,Cream,Dry Wipes,Essence,Eye,FBW,Fem Pants,FHS,Floss,Foam Detergent,Foamy,LBW,LHS,LIQ,Liquid Soap,Mix,Moc,N/A,Pads,Pantiliner,Pants,Paste,POC,Pods,Pre-essence,PWD,Razor,Rinse,Sanitizer,Shampoo,Tampons,Taped,Toner,Treatment,UW Liq,Waterless,Wet Wipes,Wipes,X-Product-Form"
pampers_trans_detail_fact_category_cn_all,EVENT,pampers_trans_detail_fact,所属品类（全）,category_cn_all,"{""desc"": ""所属品类（全）"", ""type"": ""Enum""}","这是一个来源为EVENT，名为""所属品类（全）""的下的属性字段，名为category_cn_all。它的含义是""所属品类（全）""。可选值为：个人清洁,剃须护理,口腔护理,妇女卫生,婴儿护理,家居护理,小家电,护肤品类,洗发护发,织物护理"
pampers_trans_detail_fact_category_2_cn_all,EVENT,pampers_trans_detail_fact,所属二级品类（全）,category_2_cn_all,"{""desc"": ""所属二级品类（全）"", ""type"": ""Enum""}","这是一个来源为EVENT，名为""所属二级品类（全）""的下的属性字段，名为category_2_cn_all。它的含义是""所属二级品类（全）""。可选值为：无"
pampers_trans_detail_fact_transaction_datetime,EVENT,pampers_trans_detail_fact,交易时间,transaction_datetime,"{""desc"": ""交易时间"", ""type"": ""Date""}","这是一个来源为EVENT，名为""交易时间""的下的属性字段，名为transaction_datetime。它的含义是""交易时间""。可选值为：无"
pampers_trans_detail_fact_s_member_id,EVENT,pampers_trans_detail_fact,会员唯一ID,s_member_id,"{""desc"": ""会员唯一ID"", ""type"": ""String""}","这是一个来源为EVENT，名为""会员唯一ID""的下的属性字段，名为s_member_id。它的含义是""会员唯一ID""。可选值为：无"
pampers_trans_detail_fact_size_segment,EVENT,pampers_trans_detail_fact,size_segment,size_segment,"{""desc"": ""size_segment"", ""type"": ""String""}","这是一个来源为EVENT，名为""size_segment""的下的属性字段，名为size_segment。它的含义是""size_segment""。可选值为：无"
pampers_trans_detail_fact_is_delete,EVENT,pampers_trans_detail_fact,是否删单,is_delete,"{""desc"": ""是否删单"", ""type"": ""Enum""}","这是一个来源为EVENT，名为""是否删单""的下的属性字段，名为is_delete。它的含义是""是否删单""。可选值为：删除,正常"
